" Welcome to Address Book Service Program on Mysql DB "
--------------------------------------------------------
UC1-->Create a Database and used it
--------------------------------------------------------
mysql> create database address_book_service;

Query OK, 1 row affected (0.01 sec)

mysql> use address_book_service;

Database changed
-----------------------------------------------------------
UC2-->Create a table with address_book name
----------------------------------------------------------
mysql> create table address_book
    -> (firstName varchar(20) not null ,
    -> lastName varchar(20) not null ,
    -> address varchar(100) not null ,
    -> city varchar(30) not null ,
    -> state varchar(30) not null ,
    -> email varchar(30) not null ,
    -> zipCode int not null ,
    -> phone_number int not null);
Query OK, 0 rows affected (0.03 sec)

mysql> describe address_book;
+--------------+--------------+------+-----+---------+-------+
| Field        | Type         | Null | Key | Default | Extra |
+--------------+--------------+------+-----+---------+-------+
| firstName    | varchar(20)  | NO   |     | NULL    |       |
| lastName     | varchar(20)  | NO   |     | NULL    |       |
| address      | varchar(100) | NO   |     | NULL    |       |
| city         | varchar(30)  | NO   |     | NULL    |       |
| state        | varchar(30)  | NO   |     | NULL    |       |
| email        | varchar(30)  | NO   |     | NULL    |       |
| zipCode      | int          | NO   |     | NULL    |       |
| phone_number | int          | NO   |     | NULL    |       |
+--------------+--------------+------+-----+---------+-------+
8 rows in set (0.00 sec)

-------------------------------------------------------------------------
UC3-->Inserting values into a table
-------------------------------------------------------------------------
mysql> insert into address_book(firstName,lastName,address,city,state,email,zipCode,Phone_number)values
    -> ('Sri','Bhargav','Mumbai','Mumbai','Maharastra','Bharagav@gmail.com','556856','123456788'),
	-> ('Aviligond','Srinivas','Bks','Anantapur','Andhra','Sri@gmail.com','515701','891958462'),
	-> ('Sai','Kumar','Ktp','Dharmavaram','Andhra','Sai@gmail.com','575682','90594610');

	mysql> select * from address_book;

+-----------+----------+---------+-------------+------------+--------------------+---------+--------------+
| firstName | lastName | address | city        | state      | email              | zipCode | phone_number |
+-----------+----------+---------+-------------+------------+--------------------+---------+--------------+
| Sri       | Bhargav  | Mumbai  | Mumbai      | Maharastra | Bharagav@gmail.com |  556856 |    123456788 |
| Aviligond | Srinivas | Bks     | Anantapur   | Andhra     | Sri@gmail.com      |  515701 |    891958462 |
| Sai       | Kumar    | Ktp     | Dharmavaram | Andhra     | Sai@gmail.com      |  575682 |     90594610 |
+-----------+----------+---------+-------------+------------+--------------------+---------+--------------+
3 rows in set (0.00 sec)

-----------------------------------------------------------------------------------------------------
UC4-->Edit existing Contact with using their name
----------------------------------------------------------------------------------------------------
mysql> update address_book set firstName='Srinivas' where lastName='Bhargav';

Query OK, 1 row affected (0.01 sec)
Rows matched: 1  Changed: 1  Warnings: 0

mysql> select * from address_book;

+-----------+----------+---------+-------------+------------+--------------------+---------+--------------+
| firstName | lastName | address | city        | state      | email              | zipCode | phone_number |
+-----------+----------+---------+-------------+------------+--------------------+---------+--------------+
| Srinivas  | Bhargav  | Mumbai  | Mumbai      | Maharastra | Bharagav@gmail.com |  556856 |    123456788 |
| Aviligond | Srinivas | Bks     | Anantapur   | Andhra     | Sri@gmail.com      |  515701 |    891958462 |
| Sai       | Kumar    | Ktp     | Dharmavaram | Andhra     | Sai@gmail.com      |  575682 |     90594610 |
+-----------+----------+---------+-------------+------------+--------------------+---------+--------------+
3 rows in set (0.00 sec)

------------------------------------------------------------------------------------------------------
UC5-->Delete contact with using person name
------------------------------------------------------------------------------------------------------
mysql> select * from address_book;

+-----------+----------+---------+-------------+------------+--------------------+---------+--------------+
| firstName | lastName | address | city        | state      | email              | zipCode | phone_number |
+-----------+----------+---------+-------------+------------+--------------------+---------+--------------+
| Srinivas  | Bhargav  | Mumbai  | Mumbai      | Maharastra | Bharagav@gmail.com |  556856 |    123456788 |
| Aviligond | Srinivas | Bks     | Anantapur   | Andhra     | Sri@gmail.com      |  515701 |    891958462 |
| Sai       | Kumar    | Ktp     | Dharmavaram | Andhra     | Sai@gmail.com      |  575682 |     90594610 |
+-----------+----------+---------+-------------+------------+--------------------+---------+--------------+
3 rows in set (0.00 sec)


mysql> delete from address_book where firstName='Srinivas';

Query OK, 1 row affected (0.01 sec)

mysql> select * from address_book;
+-----------+----------+---------+-------------+--------+---------------+---------+--------------+
| firstName | lastName | address | city        | state  | email         | zipCode | phone_number |
+-----------+----------+---------+-------------+--------+---------------+---------+--------------+
| Aviligond | Srinivas | Bks     | Anantapur   | Andhra | Sri@gmail.com |  515701 |    891958462 |
| Sai       | Kumar    | Ktp     | Dharmavaram | Andhra | Sai@gmail.com |  575682 |     90594610 |
+-----------+----------+---------+-------------+--------+---------------+---------+--------------+
2 rows in set (0.00 sec)

----------------------------------------------------------------------------------------
UC6-->Ability to retrieve the contact their city or state
----------------------------------------------------------------------------------------

mysql> select * from address_book where city='Anantapur';

+-----------+----------+---------+-----------+--------+---------------+---------+--------------+
| firstName | lastName | address | city      | state  | email         | zipCode | phone_number |
+-----------+----------+---------+-----------+--------+---------------+---------+--------------+
| Aviligond | Srinivas | Bks     | Anantapur | Andhra | Sri@gmail.com |  515701 |    891958462 |
+-----------+----------+---------+-----------+--------+---------------+---------+--------------+
1 row in set (0.00 sec)

mysql> select * from address_book where city='Anantapur' or state= 'Andhra';

+-----------+----------+---------+-------------+--------+---------------+---------+--------------+
| firstName | lastName | address | city        | state  | email         | zipCode | phone_number |
+-----------+----------+---------+-------------+--------+---------------+---------+--------------+
| Aviligond | Srinivas | Bks     | Anantapur   | Andhra | Sri@gmail.com |  515701 |    891958462 |
| Sai       | Kumar    | Ktp     | Dharmavaram | Andhra | Sai@gmail.com |  575682 |     90594610 |
+-----------+----------+---------+-------------+--------+---------------+---------+--------------+
2 rows in set (0.00 sec)

---------------------------------------------------------------------------
UC7-->Size of the address book by city and state
---------------------------------------------------------------------------
mysql> select count(city) from address_book;
+-------------+
| count(city) |
+-------------+
|           2 |
+-------------+
1 row in set (0.00 sec)

mysql> select count(state) from address_book;
+--------------+
| count(state) |
+--------------+
|            2 |
+--------------+
1 row in set (0.01 sec)

---------------------------------------------------------------------------------
UC8-->Sorted Alphabetically by person name
---------------------------------------------------------------------------------
mysql> select * from address_book;

+-----------+----------+---------+-------------+------------+--------------------+---------+--------------+
| firstName | lastName | address | city        | state      | email              | zipCode | phone_number |
+-----------+----------+---------+-------------+------------+--------------------+---------+--------------+
| Aviligond | Srinivas | Bks     | Anantapur   | Andhra     | Sri@gmail.com      |  515701 |    891958462 |
| Sai       | Kumar    | Ktp     | Dharmavaram | Andhra     | Sai@gmail.com      |  575682 |     90594610 |
| Sri       | Bhargav  | Mumbai  | Mumbai      | Maharastra | Bharagav@gmail.com |  556856 |    123456788 |
+-----------+----------+---------+-------------+------------+--------------------+---------+--------------+
3 rows in set (0.00 sec)

mysql> select * from address_book order by lastName;

+-----------+----------+---------+-------------+------------+--------------------+---------+--------------+
| firstName | lastName | address | city        | state      | email              | zipCode | phone_number |
+-----------+----------+---------+-------------+------------+--------------------+---------+--------------+
| Sri       | Bhargav  | Mumbai  | Mumbai      | Maharastra | Bharagav@gmail.com |  556856 |    123456788 |
| Sai       | Kumar    | Ktp     | Dharmavaram | Andhra     | Sai@gmail.com      |  575682 |     90594610 |
| Aviligond | Srinivas | Bks     | Anantapur   | Andhra     | Sri@gmail.com      |  515701 |    891958462 |
+-----------+----------+---------+-------------+------------+--------------------+---------+--------------+
3 rows in set (0.00 sec)

mysql> select lastname,city from address_book order by city;

+----------+-------------+
| lastname | city        |
+----------+-------------+
| Srinivas | Anantapur   |
| Kumar    | Dharmavaram |
| Bhargav  | Mumbai      |
+----------+-------------+
3 rows in set (0.00 sec)

-----------------------------------------------------------------------------------------------------
UC9-->Ability to identify each Address Book with name and Type
-----------------------------------------------------------------------------------------------------
mysql> alter table address_book add bookName varchar(10) not null ,add conatctType varchar(30) not null;

Query OK, 0 rows affected (0.03 sec)
Records: 0  Duplicates: 0  Warnings: 0

mysql> describe address_book;

+--------------+--------------+------+-----+---------+-------+
| Field        | Type         | Null | Key | Default | Extra |
+--------------+--------------+------+-----+---------+-------+
| firstName    | varchar(20)  | NO   |     | NULL    |       |
| lastName     | varchar(20)  | NO   |     | NULL    |       |
| address      | varchar(100) | NO   |     | NULL    |       |
| city         | varchar(30)  | NO   |     | NULL    |       |
| state        | varchar(30)  | NO   |     | NULL    |       |
| email        | varchar(30)  | NO   |     | NULL    |       |
| zipCode      | int          | NO   |     | NULL    |       |
| phone_number | int          | NO   |     | NULL    |       |
| bookName     | varchar(10)  | NO   |     | NULL    |       |
| conatctType  | varchar(30)  | NO   |     | NULL    |       |
+--------------+--------------+------+-----+---------+-------+
10 rows in set (0.00 sec)

mysql> select * from address_book;

+-----------+----------+------------+-------------+------------+--------------------+---------+--------------+----------+-------------+
| firstName | lastName | address    | city        | state      | email              | zipCode | phone_number | bookName | conatctType |
+-----------+----------+------------+-------------+------------+--------------------+---------+--------------+----------+-------------+
| Aviligond | Srinivas | Bks        | Anantapur   | Andhra     | Sri@gmail.com      |  515701 |    891958462 |          |             |
| Sai       | Kumar    | Ktp        | Dharmavaram | Andhra     | Sai@gmail.com      |  575682 |     90594610 |          |             |
| Sri       | Bhargav  | Mumbai     | Mumbai      | Maharastra | Bharagav@gmail.com |  556856 |    123456788 |          |             |
| Dinesh    | Kumar    | Uravakonda | Penugonda   | Andhra     | dines@gmail.com    |  575682 |     10594220 |          |             |
| Chandra   | Setti    | ReddiPalli | Tadiapthri  | Andhra     | sumath@gmail.com   |   87965 |     54656586 |          |             |
| Irafan    | Ahamad   | Anantapur  | Chennai     | TamilNadu  | saif@gmail.com     |  849563 |     89756436 |          |             |
+-----------+----------+------------+-------------+------------+--------------------+---------+--------------+----------+-------------+


mysql> update address_book set bookname='SR',ContactType='Friends' where firstname='Dinesh' or firstname='Javeed';

Query OK, 1 row affected (0.01 sec)
Rows matched: 1  Changed: 1  Warnings: 0

mysql> update address_book set bookname='SR',ContactType='Bussiness' where firstname='sri';

Query OK, 1 row affected (0.01 sec)
Rows matched: 1  Changed: 1  Warnings: 0


mysql> select *  from address_book;
+-----------+----------+------------+-------------+------------+--------------------+---------+--------------+----------+-------------+
| firstName | lastName | address    | city        | state      | email              | zipCode | phone_number | bookName | contactType |
+-----------+----------+------------+-------------+------------+--------------------+---------+--------------+----------+-------------+
| Aviligond | Srinivas | Bks        | Anantapur   | Andhra     | Sri@gmail.com      |  515701 |    891958462 | As       | Family      |
| Sai       | Kumar    | Ktp        | Dharmavaram | Andhra     | Sai@gmail.com      |  575682 |     90594610 | As       | Family      |
| Sri       | Bhargav  | Mumbai     | Mumbai      | Maharastra | Bharagav@gmail.com |  556856 |    123456788 | SR       | Bussiness   |
| Dinesh    | Kumar    | Uravakonda | Penugonda   | Andhra     | dines@gmail.com    |  575682 |     10594220 | SR       | Friends     |
| Chandra   | Setti    | ReddiPalli | Tadiapthri  | Andhra     | sumath@gmail.com   |   87965 |     54656586 | As       | Bussiness   |
| Javeed    | Ahamad   | Anantapur  | Chennai     | TamilNadu  | saif@gmail.com     |  849563 |     89756436 | SR       | Friends     |
+-----------+----------+------------+-------------+------------+--------------------+---------+--------------+----------+-------------+
6 rows in set (0.00 sec)

--------------------------------------------------------------------------------------------------
UC10-->Ability to get number of contact persons i.e. count by type
--------------------------------------------------------------------------------------------------
mysql> select count(contactType) from address_book where contactType='Family';
+--------------------+
| count(contactType) |
+--------------------+
|                  2 |
+--------------------+
1 row in set (0.00 sec)

mysql> select count(contactType) from address_book where contactType='Bussiness';
+--------------------+
| count(contactType) |
+--------------------+
|                  2 |
+--------------------+
1 row in set (0.00 sec)

mysql> select count(contactType) from address_book where contactType='Friends';
+--------------------+
| count(contactType) |
+--------------------+
|                  3 |
+--------------------+
1 row in set (0.00 sec)

---------------------------------------------------------------------------------
UC11-->Ability to add person to both Friend and Family
------------------------------------------------------------------------------------
mysql> insert into address_book(firstName,lastName,address,city,state,email,zipCode,Phone_number,bookname,contactType)values
    -> ('Dinesh','Kumar','Uravakonda','Penugonda','Andhra','dines@gmail.com','575682','10594220','Sr','Family');
Query OK, 1 row affected (0.01 sec)

mysql> select * from address_book;
+-----------+----------+------------+-------------+------------+--------------------+---------+--------------+----------+-------------+
| firstName | lastName | address    | city        | state      | email              | zipCode | phone_number | bookName | contactType |
+-----------+----------+------------+-------------+------------+--------------------+---------+--------------+----------+-------------+
| Aviligond | Srinivas | Bks        | Anantapur   | Andhra     | Sri@gmail.com      |  515701 |    891958462 | As       | Family      |
| Sai       | Kumar    | Ktp        | Dharmavaram | Andhra     | Sai@gmail.com      |  575682 |     90594610 | As       | friends     |
| Sri       | Bhargav  | Mumbai     | Mumbai      | Maharastra | Bharagav@gmail.com |  556856 |    123456788 | SR       | Bussiness   |
| Dinesh    | Kumar    | Uravakonda | Penugonda   | Andhra     | dines@gmail.com    |  575682 |     10594220 | SR       | Friends     |
| Chandra   | Setti    | ReddiPalli | Tadiapthri  | Andhra     | sumath@gmail.com   |   87965 |     54656586 | As       | Bussiness   |
| Javeed    | Ahamad   | Anantapur  | Chennai     | TamilNadu  | saif@gmail.com     |  849563 |     89756436 | SR       | Friends     |
| Dinesh    | Kumar    | Uravakonda | Penugonda   | Andhra     | dines@gmail.com    |  575682 |     10594220 | Sr       | Family      |
+-----------+----------+------------+-------------+------------+--------------------+---------+--------------+----------+-------------+
7 rows in set (0.00 sec)